pk_comment,text,created,created_at_utc,content_type,codex,code_id,like_count,comment_count,carousel_media_count,view_count,video_duration
2934568188416688818,Summer is over ü•≤,2022-09-24 19:30:11,2022-09-24 19:30:11,comment,https://www.instagram.com/p/Ci5rjgnvQKy/,2934568188416688818_143773149,37994,272,5,0,0.0
2930250545891301612,Tit√≠ Me Pregunt√≥ @badbunnypr,2022-09-18 20:34:03,2022-09-18 20:34:03,comment,https://www.instagram.com/p/CiqV1iqvtjs/,2930250545891301612_143773149,32824,319,2,0,0.0
2928696801448261452,Who wants my creamfields set?!,2022-09-16 17:06:00,2022-09-16 17:06:00,comment,https://www.instagram.com/p/Cik0jlZJXdM/,2928696801448261452_143773149,15627,243,0,57823,15.07
2925904719706530342,Great weekend üì∏,2022-09-12 21:03:27,2022-09-12 21:03:27,comment,https://www.instagram.com/p/Cia5tcovyIm/,2925904719706530342_143773149,26560,146,3,0,0.0
2923625091665526587,BIG remixes of Words OUT NOW! Let me know which one is your favorite!!,2022-09-09 17:08:13,2022-09-09 17:08:13,comment,https://www.instagram.com/p/CiSzYflJH87/,2923625091665526587_143773149,8028,213,5,0,0.0
2922939375551336165,"Choose your favorite ‚Äî 1, 2, 3, 4, 5, or 6? üëá @alesso throwing down an electrifying set at @creamfieldsofficial feat. a special guest appearance from @zaralarsson performing their collab ‚ÄúWords‚Äù together ‚ö°Ô∏èüî•

Track IDs are in our Discord server, link in bio for an invite üéü

Watch the full ‚ÄúWords‚Äù performance on Alesso‚Äôs YouTube channel and keep an eye out for the remixes dropping Friday üëÄ",2022-09-08 18:25:49,2022-09-08 18:25:49,comment,https://www.instagram.com/p/CiQXeArvU7l/,2922939375551336165_3562365017,13814,621,6,0,0.0
2922129618212224411,Tao beach was a festival last weekend! Check out the last slide! üòèüòé,2022-09-07 15:37:34,2022-09-07 15:37:34,comment,https://www.instagram.com/p/CiNfWfZL_2b/,2922129618212224411_143773149,20966,195,3,0,0.0
2919283391374165614,Somebody to lose your mind with üòµ‚Äçüí´ watch till the end,2022-09-03 18:06:41,2022-09-03 18:06:41,comment,https://www.instagram.com/p/CiDYMcFjgZu/,2919283391374165614_143773149,31587,318,0,113664,56.216
2915422643478471502,Honor to close down MainStage @creamfieldsofficial Special thanks to @zaralarsson for joining me on stage! üá¨üáßüñ§‚ö°Ô∏è,2022-08-29 11:07:36,2022-08-29 11:07:36,comment,https://www.instagram.com/p/Ch1qXKaqiNO/,2915422643478471502_143773149,18892,194,5,0,0.0
2913622435526345366,"UK! üá¨üáß ! UPDATED SET. I‚Äôm now playing Sunday!
Bringing a VERY SPECIAL GUEST!
Tune in to the stream!
Song: Words (Sentinel Remix)",2022-08-26 23:59:48,2022-08-26 23:59:48,comment,https://www.instagram.com/p/ChvRCsHKAKW/,2913622435526345366_143773149,13495,187,0,54664,15.07
2911443658126045351,Moments when life didn‚Äôt feel real üò≥,2022-08-23 21:46:27,2022-08-23 21:46:27,comment,https://www.instagram.com/p/ChnhpTiKrCn/,2911443658126045351_143773149,20950,202,0,106847,11.936
2909192689227209723,Las Vegas! The City of Dreams! @omnianightclub -> omnia.ws/alesso,2022-08-20 19:17:13,2022-08-20 19:17:13,comment,https://www.instagram.com/p/Chfh1ZYjRv7/,2909192689227209723_143773149,9773,108,0,63675,29.954
2904889596767004269,Back 2 back w @martingarrix 2 weeks ago. Should we do this more often?,2022-08-14 20:49:27,2022-08-14 20:49:27,comment,https://www.instagram.com/p/ChQPbKPBmZt/,2904889596767004269_143773149,42514,780,3,0,0.0
2897710011139269927,üåä of beautiful people,2022-08-05 00:53:09,2022-08-05 00:53:09,comment,https://www.instagram.com/p/Cg2u-cEDKUn/,2897710011139269927_143773149,50798,450,0,226127,22.315
2895310342237143922,My Tomorrowland land set from week 1 is up now on my YouTube page!,2022-08-01 15:32:50,2022-08-01 15:32:50,comment,https://www.instagram.com/p/CguNWqPj0Ny/,2895310342237143922_143773149,55196,475,0,205148,18.855
2892272517038119885,"Clips from my Eclipse Set üåë@tomorrowland 
Let me know which one is your favorite!!",2022-07-28 10:57:11,2022-07-28 10:57:11,comment,https://www.instagram.com/p/CgjaofDrpvN/,2892272517038119885_143773149,27408,309,5,0,0.0
2890916959273639043,Magical day!,2022-07-26 14:23:37,2022-07-26 14:23:37,comment,https://www.instagram.com/p/CgemahgqFyD/,2890916959273639043_143773149,18618,227,8,0,0.0
2888748716228457674,Jerusalem,2022-07-23 15:32:33,2022-07-23 15:32:33,comment,https://www.instagram.com/p/CgW5ab0KbTK/,2888748716228457674_143773149,45346,615,5,0,0.0
2885784112726216109,Closing the MainStage with an impressive performance: @alesso,2022-07-19 12:07:30,2022-07-19 12:07:30,comment,https://www.instagram.com/p/CgMXVxpgw2t/,2885784112726216109_366581549,125760,1635,0,793127,65.411
2884368915594158935,CLOSING A LEGENDARY NIGHT @tomorrowland,2022-07-17 13:13:14,2022-07-17 13:13:14,comment,https://www.instagram.com/p/CgHVj8nKyNX/,2884368915594158935_143773149,100036,1425,5,0,0.0
2883154926236310757,Minding my own business with my bag üá™üá∏,2022-07-15 21:04:38,2022-07-15 21:04:38,comment,https://www.instagram.com/p/CgDBiE6u5zl/,2883154926236310757_143773149,30597,261,3,0,0.0
2880834058213421455,CROATIA EUPHORIA üôåüèªü§©,2022-07-12 16:10:06,2022-07-12 16:10:06,comment,https://www.instagram.com/p/Cf6x1AIqHGP/,2880834058213421455_143773149,3,262,3,0,0.0
2877897945672855472,LAST NIGHT WAS MAD! ROMANIA @neverseafestival ‚ô•Ô∏èüá∑üá¥,2022-07-08 15:00:10,2022-07-08 15:00:10,comment,https://www.instagram.com/p/CfwWO8PqC-w/,2877897945672855472_143773149,15472,164,0,81581,15.07
2876546070440583463,Can‚Äôt complain üá∏üá™üôèüèº‚ô•Ô∏è,2022-07-06 18:10:37,2022-07-06 18:10:37,comment,https://www.instagram.com/p/Cfri2kUqCEn/,2876546070440583463_143773149,3,183,2,0,0.0
2875731496757922857,Moments we live for! ü´∂üèºüôåüèª,2022-07-05 15:12:27,2022-07-05 15:12:27,comment,https://www.instagram.com/p/Cfopo9dqIwp/,2875731496757922857_143773149,24085,179,0,118652,3.367
2874189864669599773,WOW ALREADY ONE OF THE BEST SHOWS THIS SUMMER! WATCH THE WHOLE VIDEO! @balatonsound üá≠üá∫‚ô•Ô∏è,2022-07-03 12:13:13,2022-07-03 12:13:13,comment,https://www.instagram.com/p/CfjLHQsqNgd/,2874189864669599773_143773149,14892,155,0,67463,90.024
2873572003316125698,TACK S√Ö MYCKET STOCKHOLM!! @lollapaloozase üá∏üá™ü´∂üèº,2022-07-02 16:07:06,2022-07-02 16:07:06,comment,https://www.instagram.com/p/Cfg-oMeKlAC/,2873572003316125698_143773149,19139,133,0,92948,7.988
2870085738265460904,Wow this year is mind blowing! I can‚Äôt thank enough for the love and support. I wanna give a special shout out to @beckyhill who wrote this with me! And @zaralarsson you‚Äôre voice is so crazy I‚Äôm so thankful! üá∏üá™‚ô•Ô∏èüôåüèª I also wanna thank all the radio stations in the US that‚Äôs been playing this record! üôèüèº,2022-06-27 20:27:45,2022-06-27 20:27:45,comment,https://www.instagram.com/p/CfUl8XIOkCo/,2870085738265460904_143773149,3,117,0,0,0.0
2866334291837954428,Been playing out this house record this year! Works so well! Now it‚Äôs finally coming! June 24th SO EXCITED!,2022-06-22 16:04:55,2022-06-22 16:04:55,comment,https://www.instagram.com/p/CfHQ9oYhal8/,2866334291837954428_143773149,11221,296,0,59097,13.533
2865654612476914333,Come fly with me üõ∏,2022-06-21 17:32:09,2022-06-21 17:32:09,comment,https://www.instagram.com/p/CfE2a_ppWqd/,2865654612476914333_143773149,17433,222,0,91958,10.066
2864797005795613971,Heineken + Formula 1 in Montreal was something else!! Had the best time üèé,2022-06-20 13:10:00,2022-06-20 13:10:00,comment,https://www.instagram.com/p/CfBzbLMDN0T/,2864797005795613971_143773149,10986,127,0,61379,25.666
2864063739185356622,Danger Zone,2022-06-19 17:57:48,2022-06-19 17:57:48,comment,https://www.instagram.com/p/Ce_MsvcOF9O/,2864063739185356622_143773149,3,129,0,0,0.0
2851194299607719874,Throwback Mexico üåÖ,2022-06-01 18:41:09,2022-06-01 18:41:09,comment,https://www.instagram.com/p/CeRehv1vJ_C/,2851194299607719874_143773149,52132,613,2,0,0.0
2848370037307177076,CANT BELIEVE HOW MANY SHOWED UP LAST WEEK!! 80.000 + on circuit grounds stage @edc_lasvegas,2022-05-28 21:15:36,2022-05-28 21:15:36,comment,https://www.instagram.com/p/CeHcXUmj3h0/,2848370037307177076_143773149,19910,216,0,101044,12.466
2847523895731749955,My remix of ‚ÄòWords‚Äô is OUT NOW!,2022-05-27 17:09:42,2022-05-27 17:09:42,comment,https://www.instagram.com/p/CeEb-V2hwRD/,2847523895731749955_143773149,5928,73,0,38552,14.133
2846819491242238678,OUT TOMORROW!,2022-05-27 00:39:43,2022-05-27 00:39:43,comment,https://www.instagram.com/p/CeB7z6DJuLW/,2846819491242238678_143773149,13645,1655,0,77143,22.133
2846125072917082708,When you can‚Äôt find the words,2022-05-25 18:51:51,2022-05-25 18:51:51,comment,https://www.instagram.com/p/Cd_d6yljjJU/,2846125072917082708_143773149,41518,496,0,315191,16.966
2844097122616191087,WOW @edc_lasvegas that‚Äôs was one of my favorite shows ever!!,2022-05-22 23:40:20,2022-05-22 23:40:20,comment,https://www.instagram.com/p/Cd4Q0OsP6hv/,2844097122616191087_143773149,3,314,3,0,0.0
2841729078714167299,Heading to a few places this summer üòÖ will you be there?,2022-05-19 17:15:56,2022-05-19 17:15:56,comment,https://www.instagram.com/p/Cdv2Yp8p_AD/,2841729078714167299_143773149,24490,963,0,0,0.0
2839601845377087324,4K RAVE! Which one is your favorite?!,2022-05-16 18:49:01,2022-05-16 18:49:01,comment,https://www.instagram.com/p/CdoStVhPrdc/,2839601845377087324_143773149,3,415,4,0,0.0
2836719107943779114,Recap NYC Brooklyn mirage! What was your favorite moment in the show?!,2022-05-12 19:25:03,2022-05-12 19:25:03,comment,https://www.instagram.com/p/CdeDP_EjUsq/,2836719107943779114_143773149,6774,95,0,32811,93.033
2833285480006875532,These 2 sold out nights in NYC felt like a movie! Thanks for raving in the rain last night! The energy was unstoppable! LOVE YOU GUYS üñ§,2022-05-08 01:39:31,2022-05-08 01:39:31,comment,https://www.instagram.com/p/CdR2iH3FPmM/,2833285480006875532_143773149,16687,166,10,0,0.0
2832342512529322751,"Last night was bittersweet. Night 1 of 2 in New York started off rough due to technical issues the venue was having. They wanted me to cancel the show because I wouldn‚Äôt have all the things needed to make the show as amazing as we planned for it to be. But there was no way I could or would do that and the night ended up being incredible, so thank you to every single one of you who waited it out and enjoyed the night with me. Night 2 tonight will be magical üôèüèº‚ô•Ô∏è",2022-05-06 18:26:50,2022-05-06 18:26:50,comment,https://www.instagram.com/p/CdOgII9jDL_/,2832342512529322751_143773149,27915,294,0,157784,14.833
2831659822536977762,NYC IM HERE BABY!! 2 SOLD SHOWS AT @brooklynmirage LFG,2022-05-05 19:50:39,2022-05-05 19:50:39,comment,https://www.instagram.com/p/CdME5sXD-1i/,2831659822536977762_143773149,20699,286,0,112428,8.666
2825297744626055903,AUSTIN + VEGAS = ü•≥,2022-04-27 01:12:50,2022-04-27 01:12:50,comment,https://www.instagram.com/p/Cc1eVRlJfrf/,2825297744626055903_143773149,18795,207,0,110064,30.033
2821769581302704101,WORDS w @zaralarsson OUT NOW!,2022-04-22 04:21:34,2022-04-22 04:21:34,comment,https://www.instagram.com/p/Cco8HvbjOfl/,2821769581302704101_143773149,29886,440,0,204069,16.333
2820852797937657180,Coachella was fun ü§©,2022-04-20 21:58:55,2022-04-20 21:58:55,comment,https://www.instagram.com/p/CclrqyYvaVc/,2820852797937657180_143773149,71694,355,7,0,0.0
2815603392873200100,When two Swedes collide üá∏üá™ ‚ÄúWords‚Äù Out 22 April,2022-04-13 16:32:07,2022-04-13 16:32:07,comment,https://www.instagram.com/p/CcTCF48l3nk/,2815603392873200100_143773149,80185,731,0,0,0.0
2814189089470237186,Can you guess my next feature? Pre-save in bio,2022-04-11 17:20:30,2022-04-11 17:20:30,comment,https://www.instagram.com/p/CcOAhEQp0oC/,2814189089470237186_143773149,17709,449,0,169649,9.166
2809288436950528215,My favorite nightclub in vegas! @omnianightclub,2022-04-04 23:02:55,2022-04-04 23:02:55,comment,https://www.instagram.com/p/Cb8mPL8DHDX/,2809288436950528215_143773149,19926,204,0,92761,29.2
2805466213492525559,Woke up to the best news ever!! Number 1 electronic dance producer in the US!! So grateful!! üôèüèº‚ô•Ô∏è,2022-03-30 16:27:36,2022-03-30 16:27:36,comment,https://www.instagram.com/p/CbvBKg8lQn3/,2805466213492525559_143773149,35975,557,2,0,0.0
2804784876164191702,FIT FOR ULTRA,2022-03-29 20:27:35,2022-03-29 20:27:35,comment,https://www.instagram.com/p/CbsmPwHJ5XW/,2804784876164191702_143773149,42736,405,2,0,0.0
2804241791299819233,Uau S√£o Paulo!!! Foi um enorme prazer encerrar o festival!! üáßüá∑‚ô•Ô∏èüôåüèª,2022-03-28 23:54:54,2022-03-28 23:54:54,comment,https://www.instagram.com/p/Cbqqw06uxbh/,2804241791299819233_143773149,25440,342,4,0,0.0
2802630687897336336,What a night! @ultra,2022-03-26 18:33:55,2022-03-26 18:33:55,comment,https://www.instagram.com/p/Cbk8cL8uroQ/,2802630687897336336_143773149,43719,694,3,0,0.0
2801816242490217646,"Just in time for @ultra !
ONLY YOU - OUT NOW! @sentineltrio",2022-03-25 15:39:35,2022-03-25 15:39:35,comment,https://www.instagram.com/p/CbiDQcjjJSu/,2801816242490217646_143773149,10288,202,0,46511,30.033
2800430737942491337,New York! I have so many special things planned for you. 2 SETS EACH NIGHT! Make sure to get your tickets before they're all gone!!,2022-03-23 17:43:56,2022-03-23 17:43:56,comment,https://www.instagram.com/p/CbdIOs5JbDJ/,2800430737942491337_143773149,10484,103,2,0,0.0
2799684655289558258,ONLY YOU - MARCH 25th @sentineltrio,2022-03-22 17:11:20,2022-03-22 17:11:20,comment,https://www.instagram.com/p/CbaelxRpWTy/,2799684655289558258_143773149,19645,525,0,81728,30.033
2799067146351448059,Over 90.000 people! What a view!! ‚ú®,2022-03-21 22:03:05,2022-03-21 22:03:05,comment,https://www.instagram.com/p/CbYSL1Qvo_7/,2799067146351448059_143773149,125590,209,2,0,0.0
2798166467583567095,"A√∫n no puedo creer lo incre√≠ble que estuvo anoche! La energ√≠a fue espectacular. Muchas gracias Santiago, los quiero! üá®üá±",2022-03-20 14:44:19,2022-03-20 14:44:19,comment,https://www.instagram.com/p/CbVFZOyumT3/,2798166467583567095_143773149,36290,597,4,0,0.0
2797541346602662936,A FEW PROPLE SHOWED UP LAST NIGHT ‚ù§Ô∏è‚Äçüî• GRACIAS BUENOS AIRES üá¶üá∑,2022-03-19 18:22:01,2022-03-19 18:22:01,comment,https://www.instagram.com/p/CbS3QhguDwY/,2797541346602662936_143773149,53226,719,3,0,0.0
2796053770393049100,Thanks Australia! Now heading to South America!!,2022-03-17 16:50:42,2022-03-17 16:50:42,comment,https://www.instagram.com/p/CbNlBcNK1gM/,2796053770393049100_143773149,15499,234,0,82012,33.733
2787676349800104602,Thank you Melbourne! üá¶üá∫,2022-03-06 03:22:19,2022-03-06 03:22:19,comment,https://www.instagram.com/p/Cav0N7Sl8Ka/,2787676349800104602_143773149,33004,267,2,0,0.0
2785166919702112802,As a die hard BATMAN FAN I can‚Äôt believe I have a song in the new movie! üò≠üôèüèºüôåüèª,2022-03-02 18:11:49,2022-03-02 18:11:49,comment,https://www.instagram.com/p/Cam5o6ZA2oi/,2785166919702112802_143773149,28663,388,7,0,0.0
2784014604013498038,Muchas gracias por una noche magica,2022-03-01 02:07:05,2022-03-01 02:07:05,comment,https://www.instagram.com/p/CaizogxuW62/,2784014604013498038_143773149,31710,445,3,0,0.0
2783022071471723942,My new besties ‚ô•Ô∏èüêí,2022-02-27 17:15:06,2022-02-27 17:15:06,comment,https://www.instagram.com/p/CafR9Q0JNWm/,2783022071471723942_143773149,47096,524,3,0,0.0
2776453427650479734,WHEN IM GONE (VIP MIX) OUT NOW!,2022-02-18 15:48:03,2022-02-18 15:48:03,comment,https://www.instagram.com/p/CaH8a6ihcZ2/,2776453427650479734_143773149,16336,261,0,65720,31.666
2775135242655876210,Should I drop this remix Friday??,2022-02-17 07:25:57,2022-02-17 07:25:57,comment,https://www.instagram.com/p/CaDQszGK8Ry/,2775135242655876210_143773149,20020,712,0,87435,11.433
2774212721535657376,Prepare for 3 weekends of Magic in 2022... Pre-Register now at my.tomorrowland.com,2022-02-15 13:39:10,2022-02-15 13:39:10,comment,https://www.instagram.com/p/CZ_-8WWgKWg/,2774212721535657376_366581549,58683,727,0,402277,30.733
2769182154447101127,NYCüóΩ TICKETS AVAILABLE NOW!! Link in bio!,2022-02-08 14:59:34,2022-02-08 14:59:34,comment,https://www.instagram.com/p/CZuHH9qK5zH/,2769182154447101127_143773149,11015,160,0,47578,11.133
2768520792758641477,Big night in NYC! @acraze_ joining me! Pre-sale TOMORROW!!,2022-02-07 17:03:40,2022-02-07 17:03:40,comment,https://www.instagram.com/p/CZrwv4lqWNF/,2768520792758641477_143773149,11163,121,2,0,0.0
2764930429619997440,"New York! I'm happy to announce I will back at the @brooklynmirage on Friday, May 6th to kick off their 2022 season!¬†üåÉ‚ù§Ô∏è¬†Register for presale at the link in bio",2022-02-02 18:10:16,2022-02-02 18:10:16,comment,https://www.instagram.com/p/CZfAZOWKwsA/,2764930429619997440_143773149,17610,246,2,0,0.0
2762836694105800071,Last night was so surreal! What an honor to be on @nbcsnl with @katyperry,2022-01-30 20:50:21,2022-01-30 20:50:21,comment,https://www.instagram.com/p/CZXkVXMlz2H/,2762836694105800071_143773149,70536,390,4,0,0.0
2758239261328619883,Breakdown of WIG @katyperry,2022-01-24 12:37:12,2022-01-24 12:37:12,comment,https://www.instagram.com/p/CZHO_6RBzlr/,2758239261328619883_143773149,67029,836,0,356565,57.5
2757703814310937760,Hello it‚Äôs me,2022-01-23 18:52:14,2022-01-23 18:52:14,comment,https://www.instagram.com/p/CZFVQIXvkSg/,2757703814310937760_143773149,84960,1795,0,0,0.0
2751026578598573330,"We love you guys for all the support!
Check out the live chat we did and music video on @youtube",2022-01-14 13:54:27,2022-01-14 13:54:27,comment,https://www.instagram.com/p/CYtnBkBBrUS/,2751026578598573330_143773149,24768,283,0,135419,50.466
2750393549123360186,"MY NEW VEGAS HOME @taogroup 2022!
CANT WAIT FOR THIS!",2022-01-13 16:52:23,2022-01-13 16:52:23,comment,https://www.instagram.com/p/CYrXFxYBhW6/,2750393549123360186_143773149,8317,184,0,47117,46.1
2749004443143193363,WHEN IM GONE MUSIC VIDEO OUT NOW! Let me know what you think!!,2022-01-11 18:50:26,2022-01-11 18:50:26,comment,https://www.instagram.com/p/CYmbPnnhUMT/,2749004443143193363_143773149,33981,628,0,209399,23.966
2748252769768414130,Tune in tonight at 8pm ET!! @katyperry @espn @espncfb #cfbplayoff,2022-01-10 17:56:13,2022-01-10 17:56:13,comment,https://www.instagram.com/p/CYjwVVPB5uy/,2748252769768414130_143773149,11945,160,0,65250,15.0
2741053669721435722,Thank you 2021! 2022 bring it! ‚ù§Ô∏è‚Äçüî•,2021-12-31 19:33:12,2021-12-31 19:33:12,comment,https://www.instagram.com/p/CYKLco2Bu5K/,2741053669721435722_143773149,17311,265,0,82877,30.766
2740302107834657781,"Global premiere of the ""When I'm Gone"" music video SOON
üëÄüö®üëÄ
Watch the debut at halftime of the 2022 #CFBPlayoff Championship game on
January 10 at 8 PM ET on ESPN",2021-12-30 18:38:58,2021-12-30 18:38:58,comment,https://www.instagram.com/p/CYHgj-SvSv1/,2740302107834657781_143773149,12745,111,2,0,0.0
2739528136168593138,WHEN I‚ÄôM GONE OUT NOW! @katyperry,2021-12-29 17:02:33,2021-12-29 17:02:33,comment,https://www.instagram.com/p/CYEwlNAhFby/,2739528136168593138_143773149,16456,464,0,77689,15.033
2735172386403278226,"Turbo got an upgrade. Meet Turbo 3000. Don‚Äôt worry, I‚Äôve trained him not to overthrow humanity. 
Listen to the exclusive teaser on tiktok!! #whenimgone #wig",2021-12-23 17:07:39,2021-12-23 17:07:39,comment,https://www.instagram.com/p/CX1SMs7Bl2S/,2735172386403278226_143773149,67363,505,0,420818,20.533
2733007126766499894,"NEXT WEEK!! PRE SAVE - WHEN IM GONE 
- LINK IN BIO @katyperry",2021-12-20 17:29:52,2021-12-20 17:29:52,comment,https://www.instagram.com/p/CXtl4Bvhzg2/,2733007126766499894_143773149,18879,410,0,92264,15.0
2729350660107043703,WHEN I‚ÄôM GONE with @katyperry 12/29 #whenimgone,2021-12-15 16:05:14,2021-12-15 16:05:14,comment,https://www.instagram.com/p/CXgmfbzKIN3/,2729350660107043703_143773149,46586,1366,0,212032,15.433
2630085518414925736,Until next time!,2021-08-01 02:31:10,2021-08-01 02:31:10,comment,https://www.instagram.com/p/CR_8NgeBU-o/,2630085518414925736_143773149,24375,201,0,118163,55.566
2626007322657720144,"2 nights in Los Angeles with over 18,000 people felt incredible! I still can‚Äôt believe it. üôèüèºüñ§ #TogetherAgain",2021-07-26 20:11:20,2021-07-26 20:11:20,comment,https://www.instagram.com/p/CRxc78slodQ/,2626007322657720144_143773149,45857,381,9,0,0.0
2612632078580534471,"Honored to be on the latest cover of Haute Living Las Vegas and a great birthday gift! Thanks for all the love! üôèüèº‚ù§Ô∏è
@hauteliving 
@randallslavin",2021-07-07 15:00:36,2021-07-07 15:00:36,comment,https://www.instagram.com/p/CRB7wh8lUzH/,2612632078580534471_143773149,29313,441,6,0,0.0
2542386971076394714,Happy birthday love ‚ù§Ô∏è,2021-04-01 16:56:06,2021-04-01 16:56:06,comment,https://www.instagram.com/p/CNIX3rklv7a/,2542386971076394714_143773149,160251,500,2,0,0.0
